,file_name,scenario_exception
0,Ch_000001624859.json,1
1,Ch_000001624860.json,1
2,Ch_000001624871.json,1
3,Ch_000001624872.json,1
4,Ch_000001624893.json,1
5,Ch_000001624894.json,1
6,Ch_000001624901.json,1
7,Ch_000001624902.json,1
8,Ch_000001624917.json,1
9,Ch_000001624918.json,1
10,Ch_000001624968.json,1
11,Ch_000001624969.json,1
12,Ch_000001625132.json,1
13,Ch_000001625133.json,1
14,Ch_000001626459.json,1
15,Ch_000001626460.json,1
16,Ch_000001627863.json,1
17,Ch_000001627864.json,1
18,Ch_000001628243.json,1
19,Ch_000001628244.json,1
20,Ch_000001628249.json,1
21,Ch_000001628250.json,1
22,Ch_000001628255.json,1
23,Ch_000001628256.json,1
24,Ch_000001628267.json,1
25,Ch_000001628268.json,1
26,Ch_000001628285.json,1
27,Ch_000001628286.json,1
28,Ch_000001628287.json,1
29,Ch_000001628288.json,1
30,Ch_000001628289.json,1
31,Ch_000001628290.json,1
32,Ch_000001628291.json,1
33,Ch_000001628292.json,1
34,Ch_000001628299.json,1
35,Ch_000001628300.json,1
36,Ch_000001628323.json,1
37,Ch_000001628324.json,1
38,Ch_000001628327.json,1
39,Ch_000001628328.json,1
40,Ch_000001628329.json,1
41,Ch_000001628330.json,1
42,Ch_000001628369.json,1
43,Ch_000001628370.json,1
44,Ch_000001628371.json,1
45,Ch_000001628372.json,1
46,Ch_000001628373.json,1
47,Ch_000001628374.json,1
48,Ch_000001628375.json,1
49,Ch_000001628376.json,1
50,Ch_000001628379.json,1
51,Ch_000001628380.json,1
52,Ch_000001628387.json,1
53,Ch_000001628388.json,1
54,Ch_000001628389.json,1
55,Ch_000001628390.json,1
56,Ch_000001628399.json,1
57,Ch_000001628400.json,1
58,Ch_000001628401.json,1
59,Ch_000001628402.json,1
60,Ch_000001628409.json,1
61,Ch_000001628410.json,1
62,Ch_000001628411.json,1
63,Ch_000001628412.json,1
64,Ch_000001628413.json,1
65,Ch_000001628414.json,1
66,Ch_000001628415.json,1
67,Ch_000001628416.json,1
68,Ch_000001628417.json,1
69,Ch_000001628418.json,1
70,Ch_000001628419.json,1
71,Ch_000001628420.json,1
72,Ch_000001628423.json,1
73,Ch_000001628424.json,1
74,Ch_000001628445.json,1
75,Ch_000001628446.json,1
76,Ch_000001628447.json,1
77,Ch_000001628448.json,1
78,Ch_000001628449.json,1
79,Ch_000001628450.json,1
80,Ch_000001628451.json,1
81,Ch_000001628452.json,1
82,Ch_000001628453.json,1
83,Ch_000001628454.json,1
84,Ch_000001628455.json,1
85,Ch_000001628456.json,1
86,Ch_000001628459.json,1
87,Ch_000001628460.json,1
88,Ch_000001628461.json,1
89,Ch_000001628462.json,1
90,Ch_000001628463.json,1
91,Ch_000001628464.json,1
92,Ch_000001628465.json,1
93,Ch_000001628466.json,1
94,Ch_000001628467.json,1
95,Ch_000001628468.json,1
96,Ch_000001628479.json,1
97,Ch_000001628480.json,1
98,Ch_000001628483.json,1
99,Ch_000001628484.json,1
100,Ch_000001628485.json,1
101,Ch_000001628486.json,1
102,Ch_000001628487.json,1
103,Ch_000001628488.json,1
104,Ch_000001628489.json,1
105,Ch_000001628490.json,1
106,Ch_000001628491.json,1
107,Ch_000001628492.json,1
108,Ch_000001628493.json,1
109,Ch_000001628494.json,1
110,Ch_000001628499.json,1
111,Ch_000001628500.json,1
112,Ch_000001628501.json,1
113,Ch_000001628502.json,1
114,Ch_000001628503.json,1
115,Ch_000001628504.json,1
116,Ch_000001628505.json,1
117,Ch_000001628506.json,1
118,Ch_000001628507.json,1
119,Ch_000001628508.json,1
120,Ch_000001628509.json,1
121,Ch_000001628510.json,1
122,Ch_000001628511.json,1
123,Ch_000001628512.json,1
124,Ch_000001628513.json,1
125,Ch_000001628514.json,1
126,Ch_000001628517.json,1
127,Ch_000001628518.json,1
128,Ch_000001628519.json,1
129,Ch_000001628520.json,1
130,Ch_000001628521.json,1
131,Ch_000001628522.json,1
132,Ch_000001628523.json,1
133,Ch_000001628524.json,1
134,Ch_000001628527.json,1
135,Ch_000001628528.json,1
136,Ch_000001628529.json,1
137,Ch_000001628530.json,1
138,Ch_000001628531.json,1
139,Ch_000001628532.json,1
140,Ch_000001628533.json,1
141,Ch_000001628534.json,1
142,Ch_000001628539.json,1
143,Ch_000001628540.json,1
144,Ch_000001628541.json,1
145,Ch_000001628542.json,1
146,Ch_000001628543.json,1
147,Ch_000001628544.json,1
148,Ch_000001628549.json,1
149,Ch_000001628550.json,1
150,Ch_000001628555.json,1
151,Ch_000001628556.json,1
152,Ch_000001628561.json,1
153,Ch_000001628562.json,1
154,Ch_000001628563.json,1
155,Ch_000001628564.json,1
156,Ch_000001628567.json,1
157,Ch_000001628568.json,1
158,Ch_000001628571.json,1
159,Ch_000001628572.json,1
160,Ch_000001628573.json,1
161,Ch_000001628574.json,1
162,Ch_000001628575.json,1
163,Ch_000001628576.json,1
164,Ch_000001628579.json,1
165,Ch_000001628580.json,1
166,Ch_000001628581.json,1
167,Ch_000001628582.json,1
168,Ch_000001628583.json,1
169,Ch_000001628584.json,1
170,Ch_000001628585.json,1
171,Ch_000001628586.json,1
172,Ch_000001628595.json,1
173,Ch_000001628596.json,1
174,Ch_000001628597.json,1
175,Ch_000001628598.json,1
176,Ch_000001628599.json,1
177,Ch_000001628600.json,1
178,Ch_000001628601.json,1
179,Ch_000001628602.json,1
180,Ch_000001628603.json,1
181,Ch_000001628604.json,1
182,Ch_000001628605.json,1
183,Ch_000001628606.json,1
184,Ch_000001628609.json,1
185,Ch_000001628610.json,1
186,Ch_000001628611.json,1
187,Ch_000001628612.json,1
188,Ch_000001628613.json,1
189,Ch_000001628614.json,1
190,Ch_000001628615.json,1
191,Ch_000001628616.json,1
192,Ch_000001628625.json,1
193,Ch_000001628626.json,1
194,Ch_000001628629.json,1
195,Ch_000001628630.json,1
196,Ch_000001628631.json,1
197,Ch_000001628632.json,1
198,Ch_000001628633.json,1
199,Ch_000001628634.json,1
200,Ch_000001628635.json,1
201,Ch_000001628636.json,1
202,Ch_000001628637.json,1
203,Ch_000001628638.json,1
204,Ch_000001628639.json,1
205,Ch_000001628640.json,1
206,Ch_000001628645.json,1
207,Ch_000001628646.json,1
208,Ch_000001628649.json,1
209,Ch_000001628650.json,1
210,Ch_000001628651.json,1
211,Ch_000001628652.json,1
212,Ch_000001628655.json,1
213,Ch_000001628656.json,1
214,Ch_000001628657.json,1
215,Ch_000001628658.json,1
216,Ch_000001628665.json,1
217,Ch_000001628666.json,1
218,Ch_000001628667.json,1
219,Ch_000001628668.json,1
220,Ch_000001628671.json,1
221,Ch_000001628672.json,1
222,Ch_000001628673.json,1
223,Ch_000001628674.json,1
224,Ch_000001628677.json,1
225,Ch_000001628678.json,1
226,Ch_000001628679.json,1
227,Ch_000001628680.json,1
228,Ch_000001628683.json,1
229,Ch_000001628684.json,1
230,Ch_000001628687.json,1
231,Ch_000001628688.json,1
232,Ch_000001628689.json,1
233,Ch_000001628690.json,1
234,Ch_000001628691.json,1
235,Ch_000001628692.json,1
236,Ch_000001628695.json,1
237,Ch_000001628696.json,1
238,Ch_000001628697.json,1
239,Ch_000001628698.json,1
240,Ch_000001628699.json,1
241,Ch_000001628700.json,1
242,Ch_000001628701.json,1
243,Ch_000001628702.json,1
244,Ch_000001628703.json,1
245,Ch_000001628704.json,1
246,Ch_000001628705.json,1
247,Ch_000001628706.json,1
248,Ch_000001628707.json,1
249,Ch_000001628708.json,1
250,Ch_000001628709.json,1
251,Ch_000001628710.json,1
252,Ch_000001628711.json,1
253,Ch_000001628712.json,1
254,Ch_000001628713.json,1
255,Ch_000001628714.json,1
256,Ch_000001628715.json,1
257,Ch_000001628716.json,1
258,Ch_000001628717.json,1
259,Ch_000001628718.json,1
260,Ch_000001628719.json,1
261,Ch_000001628720.json,1
262,Ch_000001628721.json,1
263,Ch_000001628722.json,1
264,Ch_000001628723.json,1
265,Ch_000001628724.json,1
266,Ch_000001628725.json,1
267,Ch_000001628726.json,1
268,Ch_000001628727.json,1
269,Ch_000001628728.json,1
270,Ch_000001628729.json,1
271,Ch_000001628730.json,1
272,Ch_000001628731.json,1
273,Ch_000001628732.json,1
274,Ch_000001628733.json,1
275,Ch_000001628734.json,1
276,Ch_000001628735.json,1
277,Ch_000001628736.json,1
278,Ch_000001628737.json,1
279,Ch_000001628738.json,1
280,Ch_000001628739.json,1
281,Ch_000001628740.json,1
282,Ch_000001628741.json,1
283,Ch_000001628742.json,1
284,Ch_000001628745.json,1
285,Ch_000001628746.json,1
286,Ch_000001628747.json,1
287,Ch_000001628748.json,1
288,Ch_000001628749.json,1
289,Ch_000001628750.json,1
290,Ch_000001628751.json,1
291,Ch_000001628752.json,1
292,Ch_000001628753.json,1
293,Ch_000001628754.json,1
294,Ch_000001628759.json,1
295,Ch_000001628760.json,1
296,Ch_000001628761.json,1
297,Ch_000001628762.json,1
298,Ch_000001628763.json,1
299,Ch_000001628764.json,1
300,Ch_000001628765.json,1
301,Ch_000001628766.json,1
302,Ch_000001628767.json,1
303,Ch_000001628768.json,1
304,Ch_000001628771.json,1
305,Ch_000001628772.json,1
306,Ch_000001628777.json,1
307,Ch_000001628778.json,1
308,Ch_000001628887.json,1
309,Ch_000001628888.json,1
310,Ch_000001628895.json,1
311,Ch_000001628896.json,1
312,Ch_000001628929.json,1
313,Ch_000001628930.json,1
314,Ch_000001629147.json,1
315,Ch_000001629148.json,1
316,Ch_000001629233.json,1
317,Ch_000001629234.json,1
318,Ch_000001629342.json,1
319,Ch_000001629343.json,1
320,Ch_000001629518.json,1
321,Ch_000001629519.json,1
322,Ch_000001629590.json,1
323,Ch_000001629591.json,1
324,Ch_000001629612.json,1
325,Ch_000001629613.json,1
326,Ch_000001629906.json,1
327,Ch_000001629907.json,1
328,Ch_000001630221.json,1
329,Ch_000001630222.json,1
330,Ch_000001630245.json,1
331,Ch_000001630246.json,1
332,Ch_000001630263.json,1
333,Ch_000001630264.json,1
334,Ch_000001630265.json,1
335,Ch_000001630266.json,1
336,Ch_000001630267.json,1
337,Ch_000001630268.json,1
338,Ch_000001630331.json,1
339,Ch_000001630332.json,1
340,Ch_000001630397.json,1
341,Ch_000001630398.json,1
342,Ch_000001630407.json,1
343,Ch_000001630408.json,1
344,Ch_000001630429.json,1
345,Ch_000001630430.json,1
346,Ch_000001630449.json,1
347,Ch_000001630450.json,1
348,Ch_000001630541.json,1
349,Ch_000001630542.json,1
350,Ch_000001630549.json,1
351,Ch_000001630550.json,1
352,Ch_000001630575.json,1
353,Ch_000001630576.json,1
354,Ch_000001630631.json,1
355,Ch_000001630632.json,1
356,Ch_000001630635.json,1
357,Ch_000001630636.json,1
358,Ch_000001630733.json,1
359,Ch_000001630734.json,1
360,Ch_000001631031.json,1
361,Ch_000001631032.json,1
362,Ch_000001631115.json,1
363,Ch_000001631116.json,1
364,Ch_000001631835.json,1
365,Ch_000001631836.json,1
366,Ch_000001631839.json,1
367,Ch_000001631840.json,1
368,Ch_000001631899.json,1
369,Ch_000001631900.json,1
370,Ch_000001632017.json,1
371,Ch_000001632018.json,1
372,Ch_000001632045.json,1
373,Ch_000001632046.json,1
374,Ch_000001632091.json,1
375,Ch_000001632092.json,1
